code,value
000001.SZ,75.48
000002.SZ,70.13
000004.SZ,44.14
000005.SZ,24.47
000006.SZ,43.61
000007.SZ,25.21
000008.SZ,45.28
000009.SZ,21.63
000010.SZ,29.87
000011.SZ,72.45
000012.SZ,47.39
000014.SZ,34.58
000016.SZ,35.49
000017.SZ,22.08
000019.SZ,35.5
000020.SZ,65.94
000021.SZ,53.24
000023.SZ,42.74
000025.SZ,74.56
000026.SZ,46.82
000027.SZ,79.36
000028.SZ,78.48
000029.SZ,73.39
000030.SZ,74.75
000031.SZ,63.38
000032.SZ,66.47
000034.SZ,34.29
000035.SZ,54.6
000036.SZ,40.22
000037.SZ,46.28
000038.SZ,35.48
000039.SZ,52.73
000040.SZ,30.01
000042.SZ,74
000045.SZ,54.78
000046.SZ,79.81
000048.SZ,73.49
000049.SZ,55.84
000050.SZ,64.51
000055.SZ,20.95
000056.SZ,67.16
000058.SZ,47.13
000059.SZ,49.5
000060.SZ,43.08
000061.SZ,69.39
000062.SZ,73.93
000063.SZ,51.1
000065.SZ,61.38
000066.SZ,45.84
000068.SZ,47.04
000069.SZ,66.96
000070.SZ,43.43
000078.SZ,50.44
000088.SZ,78.24
000089.SZ,69.53
000090.SZ,55.04
000096.SZ,67.94
000099.SZ,43.75
000100.SZ,27.04
000150.SZ,43
000151.SZ,40.9
000153.SZ,32.69
000155.SZ,55.64
000156.SZ,70.4
000157.SZ,59.17
000158.SZ,53.02
000159.SZ,24.93
000166.SZ,75.97
000301.SZ,41.93
000333.SZ,64.63
000338.SZ,38.84
000400.SZ,56.97
000401.SZ,50
000402.SZ,76.42
000403.SZ,59.57
000404.SZ,37.84
000407.SZ,29.45
000408.SZ,17.5
000409.SZ,25.83
000410.SZ,64.97
000411.SZ,62.13
000413.SZ,25.21
000415.SZ,55.46
000416.SZ,23.11
000417.SZ,54.02
000419.SZ,47.82
000420.SZ,41.95
000421.SZ,57.59
000422.SZ,24.31
000423.SZ,56.19
000425.SZ,62.68
000426.SZ,51.27
000428.SZ,59.77
000429.SZ,81.66
000430.SZ,45.22
000488.SZ,34.32
000498.SZ,69.31
000501.SZ,58.99
000502.SZ,32.74
000503.SZ,28.39
000504.SZ,48.57
000505.SZ,38.82
000506.SZ,39.68
000507.SZ,26.86
000509.SZ,31.37
000510.SZ,18.78
000513.SZ,62.64
000514.SZ,63.86
000516.SZ,32.3
000517.SZ,69.28
000518.SZ,11.53
000519.SZ,35.26
000520.SZ,39.05
000521.SZ,37.07
000523.SZ,45.62
000524.SZ,53.33
000525.SZ,58.73
000526.SZ,44.86
000528.SZ,47.05
000529.SZ,56.46
000530.SZ,29.11
000531.SZ,63.1
000532.SZ,50.03
000533.SZ,22.31
000534.SZ,57.26
000536.SZ,63.44
000537.SZ,43.8
000538.SZ,67.76
000539.SZ,79.96
000540.SZ,55.15
000541.SZ,48.24
000543.SZ,58.37
000544.SZ,78.59
000545.SZ,38.45
000546.SZ,49.14
000547.SZ,31.3
000548.SZ,32.59
000550.SZ,81.78
000551.SZ,38.28
000552.SZ,64.08
000553.SZ,52.84
000554.SZ,2.28
000555.SZ,63.05
000557.SZ,59.86
000558.SZ,46.73
000559.SZ,67.18
000560.SZ,42.3
000561.SZ,57.51
000563.SZ,61.25
000564.SZ,51.78
000565.SZ,40.79
000566.SZ,45.47
000567.SZ,30.19
000568.SZ,76.59
000570.SZ,41.66
000571.SZ,35.44
000572.SZ,46.67
000573.SZ,22.99
000576.SZ,49.11
000581.SZ,57.67
000582.SZ,70.55
000584.SZ,38.83
000585.SZ,15.29
000586.SZ,41.61
000587.SZ,32.45
000589.SZ,26.98
000590.SZ,47.13
000591.SZ,34.88
000592.SZ,30.36
000593.SZ,45.54
000595.SZ,53.77
000596.SZ,90.92
000597.SZ,54.81
000598.SZ,53.16
000599.SZ,44
000600.SZ,56.34
000601.SZ,49.8
000603.SZ,42.94
000605.SZ,56.4
000606.SZ,27.65
000607.SZ,53.31
000608.SZ,48.41
000609.SZ,31.92
000610.SZ,28.63
000611.SZ,13.4
000612.SZ,61.34
000613.SZ,28.47
000615.SZ,49.62
000616.SZ,24.25
000617.SZ,64.21
000619.SZ,36.54
000620.SZ,76.94
000622.SZ,45.33
000623.SZ,48.14
000625.SZ,68.85
000626.SZ,64.22
000627.SZ,59.92
000628.SZ,16.82
000629.SZ,38.67
000630.SZ,46.5
000631.SZ,78.03
000632.SZ,42.06
000633.SZ,37.94
000635.SZ,52.1
000636.SZ,32.3
000637.SZ,23.36
000638.SZ,42.86
000639.SZ,65.73
000650.SZ,28.18
000651.SZ,59.63
000652.SZ,37.78
000655.SZ,60.21
000656.SZ,53.77
000657.SZ,59.21
000659.SZ,11.39
000661.SZ,63.69
000662.SZ,63.16
000663.SZ,28.37
000665.SZ,61.06
000666.SZ,11.94
000667.SZ,21.03
000668.SZ,40.74
000669.SZ,48.3
000670.SZ,10.49
000671.SZ,76.31
000672.SZ,67.68
000673.SZ,52.06
000676.SZ,28.71
000677.SZ,11.57
000678.SZ,52.68
000679.SZ,29.93
000680.SZ,20.9
000681.SZ,16.45
000682.SZ,19.95
000683.SZ,36.31
000685.SZ,64.27
000686.SZ,53.94
000687.SZ,45.68
000688.SZ,75.56
000690.SZ,36.42
000691.SZ,21.3
000692.SZ,35.88
000695.SZ,38.19
000697.SZ,27.89
000698.SZ,21.68
000700.SZ,34.11
000701.SZ,30.34
000702.SZ,30.07
000703.SZ,70.52
000705.SZ,11.07
000707.SZ,25.11
000708.SZ,78.7
000709.SZ,67.72
000710.SZ,33.36
000711.SZ,56.6
000712.SZ,34.72
000713.SZ,33.05
000715.SZ,74.36
000716.SZ,34.79
000717.SZ,59.09
000718.SZ,42.25
000719.SZ,76.38
000720.SZ,22.12
000721.SZ,26.36
000722.SZ,58.19
000723.SZ,73.33
000725.SZ,44.03
000726.SZ,46.05
000727.SZ,26.8
000728.SZ,64.94
000729.SZ,68.06
000731.SZ,24.6
000732.SZ,57.43
000733.SZ,51.45
000735.SZ,23.69
000736.SZ,73.36
000737.SZ,31.79
000738.SZ,67.03
000739.SZ,70.57
000750.SZ,50.69
000751.SZ,24.15
000752.SZ,22.88
000753.SZ,34.63
000755.SZ,35.85
000756.SZ,55.86
000757.SZ,44.31
000758.SZ,46.5
000759.SZ,78.33
000760.SZ,28.08
000761.SZ,90.64
000762.SZ,31.76
000766.SZ,16.58
000767.SZ,67.36
000768.SZ,66.81
000776.SZ,70.86
000777.SZ,30.15
000778.SZ,51.18
000779.SZ,45.24
000780.SZ,62.76
000782.SZ,18.86
000783.SZ,57.28
000785.SZ,71.65
000786.SZ,69.41
000788.SZ,46.04
000789.SZ,53.7
000790.SZ,18.36
000791.SZ,63.47
000792.SZ,58.35
000793.SZ,35.79
000795.SZ,53.53
000796.SZ,69.05
000797.SZ,56.01
000798.SZ,64.62
000799.SZ,38.47
000800.SZ,58.04
000801.SZ,56.29
000802.SZ,54.96
000803.SZ,70.14
000806.SZ,16.67
000807.SZ,51.4
000809.SZ,39.28
000810.SZ,65.35
000811.SZ,50.23
000812.SZ,27.02
000813.SZ,74.65
000815.SZ,57.17
000816.SZ,22.45
000818.SZ,33.69
000819.SZ,39.13
000820.SZ,5.8
000821.SZ,37.26
000822.SZ,43.59
000823.SZ,44.36
000825.SZ,68.54
000826.SZ,52.6
000828.SZ,71.08
000829.SZ,51.23
000830.SZ,40.58
000831.SZ,45.4
000833.SZ,21.05
000835.SZ,28.1
000836.SZ,24.9
000837.SZ,24.65
000838.SZ,50.55
000839.SZ,38.78
000848.SZ,61.09
000850.SZ,49.11
000851.SZ,14.84
000852.SZ,63.12
000856.SZ,30.88
000858.SZ,78.05
000859.SZ,28.45
000860.SZ,68.58
000861.SZ,48.43
000862.SZ,16.39
000863.SZ,31.01
000868.SZ,37.56
000869.SZ,82.17
000875.SZ,28.98
000876.SZ,71.12
000877.SZ,50.89
000878.SZ,57.71
000880.SZ,8.92
000881.SZ,26.04
000882.SZ,42.67
000883.SZ,86.59
000885.SZ,68.52
000886.SZ,26.6
000887.SZ,58.58
000888.SZ,57.59
000889.SZ,66.19
000890.SZ,39.32
000892.SZ,35.48
000893.SZ,41.75
000895.SZ,44.77
000897.SZ,34.54
000898.SZ,84.04
000899.SZ,73.68
000900.SZ,45.29
000901.SZ,38.73
000902.SZ,62.83
000903.SZ,37.52
000905.SZ,55.53
000906.SZ,59.98
000908.SZ,20.97
000909.SZ,46.46
000910.SZ,63.99
000911.SZ,42.2
000912.SZ,66.71
000913.SZ,50.71
000915.SZ,38
000917.SZ,21.98
000918.SZ,69.02
000919.SZ,58.72
000920.SZ,45.48
000921.SZ,78.9
000922.SZ,43.06
000923.SZ,68.99
000925.SZ,32.7
000926.SZ,31.12
000927.SZ,67.7
000928.SZ,41.21
000929.SZ,34.9
000930.SZ,23.82
000931.SZ,39.69
000932.SZ,69.37
000933.SZ,49.77
000935.SZ,69.7
000936.SZ,41.7
000937.SZ,69.23
000938.SZ,80.33
000939.SZ,55.3
000948.SZ,39.33
000949.SZ,54.34
000950.SZ,65.3
000951.SZ,84.34
000952.SZ,24.48
000953.SZ,42.77
000955.SZ,23.35
000957.SZ,41.93
000958.SZ,39.63
000959.SZ,88.08
000960.SZ,54.85
000961.SZ,82.2
000962.SZ,48.74
000963.SZ,69.29
000965.SZ,54.29
000966.SZ,56.9
000967.SZ,54.73
000968.SZ,63.57
000969.SZ,41.88
000970.SZ,38.36
000971.SZ,24.61
000972.SZ,46.25
000973.SZ,28.02
000975.SZ,35.06
000976.SZ,56.31
000977.SZ,56.88
000978.SZ,38.06
000980.SZ,42.94
000981.SZ,37.06
000982.SZ,57.89
000983.SZ,65.93
000985.SZ,67.04
000987.SZ,87.05
000988.SZ,43.88
000989.SZ,34.75
000990.SZ,73.05
000993.SZ,53.58
000995.SZ,39.49
000996.SZ,19.5
000997.SZ,44.82
000998.SZ,39.31
000999.SZ,88.74
001696.SZ,25.57
001872.SZ,80.74
001896.SZ,56.91
001914.SZ,69.03
001965.SZ,67.16
001979.SZ,84.87
002001.SZ,65.98
002002.SZ,57.72
002003.SZ,45.81
002004.SZ,24.44
002005.SZ,44.59
002006.SZ,33.28
002007.SZ,62.53
002008.SZ,50.44
002009.SZ,14.6
002010.SZ,74.31
002011.SZ,48.08
002012.SZ,22.43
002013.SZ,72.44
002014.SZ,72.43
002015.SZ,22.04
002016.SZ,2.57
002017.SZ,45.95
002019.SZ,15.47
002020.SZ,21.22
002021.SZ,39.27
002022.SZ,28.96
002023.SZ,6.56
002024.SZ,57.7
002025.SZ,64.88
002026.SZ,41.77
002027.SZ,57.48
002028.SZ,34.74
002029.SZ,50.7
002030.SZ,43.59
002031.SZ,0.59
002032.SZ,94.31
002033.SZ,48.58
002034.SZ,26.25
002035.SZ,50.1
002036.SZ,39.66
002037.SZ,39.91
002038.SZ,32.07
002039.SZ,43.54
002040.SZ,62.22
002041.SZ,61.48
002042.SZ,66.22
002043.SZ,47.41
002044.SZ,61.02
002045.SZ,36.79
002046.SZ,51.97
002047.SZ,24.3
002048.SZ,42.38
002049.SZ,45.57
002050.SZ,75.42
002051.SZ,64.41
002052.SZ,12.77
002053.SZ,60.63
002054.SZ,25.36
002055.SZ,32.59
002056.SZ,62.42
002057.SZ,33.06
002058.SZ,47.71
002059.SZ,62.97
002060.SZ,38.2
002061.SZ,23.91
002062.SZ,50.05
002063.SZ,26.98
002064.SZ,43.02
002065.SZ,51.7
002066.SZ,43.22
002067.SZ,0.73
002068.SZ,48.19
002069.SZ,56.87
002071.SZ,44.6
002072.SZ,16.06
002073.SZ,15.2
002074.SZ,40.57
002075.SZ,30.76
002076.SZ,2.03
002077.SZ,56.66
002078.SZ,71.91
002079.SZ,39.53
002080.SZ,78.55
002081.SZ,63.43
002082.SZ,24.85
002083.SZ,38.45
002084.SZ,57.61
002085.SZ,73.67
002086.SZ,26.9
002087.SZ,30.83
002088.SZ,47.18
002089.SZ,6.32
002090.SZ,44.39
002091.SZ,50.37
002092.SZ,47.39
002093.SZ,10.76
002094.SZ,42.69
002095.SZ,55.53
002096.SZ,69
002097.SZ,34.16
002098.SZ,55.73
002099.SZ,43.16
002100.SZ,55.33
002101.SZ,56.04
002102.SZ,8.45
002103.SZ,20.57
002104.SZ,3.92
002105.SZ,51.14
002106.SZ,31.85
002107.SZ,51.58
002108.SZ,36.96
002109.SZ,70.27
002110.SZ,67.73
002111.SZ,38.62
002112.SZ,28.68
002113.SZ,21.75
002114.SZ,49.37
002115.SZ,12.57
002116.SZ,64.79
002117.SZ,40.83
002118.SZ,45.63
002119.SZ,35.75
002120.SZ,79.04
002121.SZ,36.9
002122.SZ,49.08
002123.SZ,30.38
002124.SZ,12.16
002125.SZ,52.07
002126.SZ,40.42
002127.SZ,49.79
002128.SZ,70.74
002129.SZ,46
002130.SZ,8
002131.SZ,15.6
002132.SZ,6.76
002133.SZ,7.21
002134.SZ,47.73
002135.SZ,60.52
002136.SZ,38.31
002137.SZ,7.86
002138.SZ,38.24
002139.SZ,8.41
002140.SZ,65.95
002141.SZ,25.73
002142.SZ,76.52
002144.SZ,3.46
002145.SZ,7.86
002146.SZ,67.67
002147.SZ,25.36
002148.SZ,0.61
002149.SZ,43.78
002150.SZ,60.9
002151.SZ,19.05
002152.SZ,62.81
002153.SZ,35.27
002154.SZ,1.22
002155.SZ,49.89
002156.SZ,69.79
002157.SZ,51.7
002158.SZ,63.83
002159.SZ,45.38
002160.SZ,44.81
002161.SZ,1.49
002162.SZ,56.79
002163.SZ,30.92
002164.SZ,32.59
002165.SZ,41.85
002166.SZ,4.5
002167.SZ,23.87
002168.SZ,39.8
002169.SZ,25.06
002170.SZ,11.5
002171.SZ,51.76
002172.SZ,42.2
002173.SZ,19.52
002174.SZ,33.59
002175.SZ,13.92
002176.SZ,32.04
002177.SZ,0.3
002178.SZ,27.42
002179.SZ,73.08
002180.SZ,71.23
002181.SZ,69.2
002182.SZ,17.37
002183.SZ,38.85
002184.SZ,8.74
002185.SZ,39.64
002186.SZ,51.69
002187.SZ,62.55
002188.SZ,39.12
002189.SZ,48.65
002190.SZ,52.99
002191.SZ,47.05
002192.SZ,24.77
002193.SZ,61.02
002194.SZ,28.08
002195.SZ,16.76
002196.SZ,18.17
002197.SZ,0.57
002198.SZ,12.11
002199.SZ,31.65
002200.SZ,15.16
002201.SZ,22.8
002202.SZ,69.09
002203.SZ,69.9
002204.SZ,66.82
002205.SZ,37.94
002206.SZ,28.58
002207.SZ,29.43
002208.SZ,58.85
002209.SZ,28.89
002210.SZ,48.54
002211.SZ,15.58
002212.SZ,34.98
002213.SZ,29.03
002214.SZ,7.58
002215.SZ,22.01
002216.SZ,53.61
002217.SZ,34.97
002218.SZ,44.69
002219.SZ,18.52
002221.SZ,46.29
002222.SZ,27.69
002223.SZ,52.2
002224.SZ,1.66
002225.SZ,2.43
002226.SZ,53.14
002227.SZ,66.27
002228.SZ,48.78
002229.SZ,14.3
002230.SZ,32.18
002231.SZ,28.16
002232.SZ,57.65
002233.SZ,15.42
002234.SZ,6.02
002235.SZ,1.06
002236.SZ,31.8
002237.SZ,50.32
002238.SZ,75.04
002239.SZ,49.14
002240.SZ,17.92
002241.SZ,51.34
002242.SZ,82.74
002243.SZ,53.66
002244.SZ,68
002245.SZ,30.7
002246.SZ,55.53
002247.SZ,17.05
002248.SZ,23.4
002249.SZ,24.57
002250.SZ,19.8
002251.SZ,61.29
002252.SZ,74.37
002253.SZ,25.07
002254.SZ,39.15
002255.SZ,9.41
002256.SZ,37.41
002258.SZ,65.42
002259.SZ,26.42
002260.SZ,27.32
002261.SZ,4.94
002262.SZ,47.7
002263.SZ,28.74
002264.SZ,47.56
002265.SZ,61.64
002266.SZ,6.36
002267.SZ,71.4
002268.SZ,55.73
002269.SZ,66.3
002270.SZ,49.86
002271.SZ,43.48
002272.SZ,6.69
002273.SZ,42.32
002274.SZ,46.95
002275.SZ,70.96
002276.SZ,28.28
002277.SZ,36.58
002278.SZ,26.32
002279.SZ,21.94
002280.SZ,21.17
002281.SZ,60.19
002282.SZ,4.93
002283.SZ,18.43
002284.SZ,43.04
002285.SZ,62.3
002286.SZ,29.27
002287.SZ,91.19
002288.SZ,17.63
002289.SZ,31.6
002290.SZ,23.76
002291.SZ,57.54
002292.SZ,27.76
002293.SZ,47.46
002294.SZ,74.72
002295.SZ,48
002296.SZ,1.11
002297.SZ,37.25
002298.SZ,18.95
002299.SZ,64.5
002300.SZ,64.11
002301.SZ,62.19
002302.SZ,67.84
002303.SZ,11.88
002304.SZ,82.58
002305.SZ,47.52
002306.SZ,23.95
002307.SZ,48.3
002308.SZ,40.78
002309.SZ,45.46
002310.SZ,29.23
002311.SZ,81.96
002312.SZ,0.8
002313.SZ,51.6
002314.SZ,42.92
002315.SZ,6.37
002316.SZ,11.15
002317.SZ,10.73
002318.SZ,53.6
002319.SZ,27.23
002320.SZ,70.61
002321.SZ,34.8
002322.SZ,39.31
002323.SZ,19.72
002324.SZ,10.28
002325.SZ,9.12
002326.SZ,20.5
002327.SZ,23.35
002328.SZ,0.63
002329.SZ,0.08
002330.SZ,68.96
002331.SZ,31.28
002332.SZ,43.87
002333.SZ,69.19
002334.SZ,6.61
002335.SZ,44.6
002336.SZ,58.96
002337.SZ,33.7
002338.SZ,49.03
002339.SZ,24.32
002340.SZ,29.51
002341.SZ,15.64
002342.SZ,25.6
002343.SZ,44.55
002344.SZ,59.44
002345.SZ,53.24
002346.SZ,69.97
002347.SZ,0.57
002348.SZ,31.78
002349.SZ,47.11
002350.SZ,50.7
002351.SZ,3.88
002352.SZ,69.92
002353.SZ,35.95
002354.SZ,28.28
002355.SZ,46.68
002356.SZ,57.22
002357.SZ,30.38
002358.SZ,44.95
002359.SZ,36.44
002360.SZ,0.99
002361.SZ,0.01
002362.SZ,8.42
002363.SZ,48.23
002364.SZ,47.2
002365.SZ,7.74
002366.SZ,12.76
002367.SZ,14.94
002368.SZ,55.87
002369.SZ,3.54
002370.SZ,36.62
002371.SZ,75.91
002372.SZ,74.66
002373.SZ,43.41
002374.SZ,19.78
002375.SZ,40.18
002376.SZ,48.75
002377.SZ,51.83
002378.SZ,64.55
002379.SZ,28.92
002380.SZ,9.5
002381.SZ,22.53
002382.SZ,67.07
002383.SZ,19.64
002384.SZ,36.37
002385.SZ,11.69
002386.SZ,44.31
002387.SZ,68.13
002388.SZ,46.6
002389.SZ,32.23
002390.SZ,47.37
002391.SZ,8.64
002392.SZ,1.39
002393.SZ,54.73
002394.SZ,49.65
002395.SZ,66.17
002396.SZ,50.72
002397.SZ,15.74
002398.SZ,6.44
002399.SZ,82.9
002400.SZ,29.66
002401.SZ,55.68
002402.SZ,18.85
002403.SZ,48.46
002404.SZ,31.37
002405.SZ,37.05
002406.SZ,0.12
002407.SZ,9.2
002408.SZ,64.61
002409.SZ,26.01
002410.SZ,37.42
002411.SZ,57.79
002412.SZ,48.39
002413.SZ,38.4
002414.SZ,64.47
002415.SZ,73.42
002416.SZ,64.35
002417.SZ,11.74
002418.SZ,42.68
002419.SZ,85.13
002420.SZ,29.27
002421.SZ,21.5
002422.SZ,12.84
002423.SZ,71.35
002424.SZ,26.19
002425.SZ,33.53
002426.SZ,28.2
002427.SZ,69.07
002428.SZ,27.83
002429.SZ,69.27
002430.SZ,77.87
002431.SZ,31.61
002432.SZ,35.33
002433.SZ,29.22
002434.SZ,63.74
002435.SZ,75.15
002436.SZ,2.08
002437.SZ,56.06
002438.SZ,48.6
002439.SZ,39.83
002440.SZ,14.52
002441.SZ,13.57
002442.SZ,16.55
002443.SZ,29.25
002444.SZ,57.08
002445.SZ,43.57
002446.SZ,5.69
002447.SZ,7.48
002448.SZ,0.01
002449.SZ,36.15
002450.SZ,37.05
002451.SZ,20.89
002452.SZ,3.75
002453.SZ,29.51
002454.SZ,6.99
002455.SZ,1.28
002456.SZ,40.84
002457.SZ,26.57
002458.SZ,9.86
002459.SZ,37.93
002460.SZ,19.67
002461.SZ,83.19
002462.SZ,36.88
002463.SZ,52.26
002464.SZ,38.34
002465.SZ,45.32
002466.SZ,43.31
002467.SZ,1.11
002468.SZ,23.1
002469.SZ,27.35
002470.SZ,48.23
002471.SZ,37.17
002472.SZ,11.49
002473.SZ,56.12
002474.SZ,5.31
002475.SZ,73.35
002476.SZ,20.02
002478.SZ,19.47
002479.SZ,50.13
002480.SZ,39.96
002481.SZ,40.77
002482.SZ,60.8
002483.SZ,56.23
002484.SZ,42.07
002485.SZ,74.51
002486.SZ,24.69
002487.SZ,50.98
002488.SZ,11.63
002489.SZ,47.58
002490.SZ,3.19
002491.SZ,43.81
002492.SZ,46.76
002493.SZ,81.49
002494.SZ,3.28
002495.SZ,0.05
002496.SZ,3.16
002497.SZ,4.19
002498.SZ,70.49
002499.SZ,19
002500.SZ,57.51
002501.SZ,12.5
002502.SZ,28.71
002503.SZ,42.46
002504.SZ,0
002505.SZ,64.8
002506.SZ,55.32
002507.SZ,65.93
002508.SZ,79.01
002510.SZ,8.09
002511.SZ,72.23
002512.SZ,28.74
002513.SZ,59.31
002514.SZ,21.46
002515.SZ,42.88
002516.SZ,16.42
002517.SZ,18.7
002518.SZ,63.1
002519.SZ,33.9
002520.SZ,54.54
002521.SZ,9.4
002522.SZ,1.49
002523.SZ,39.47
002524.SZ,29.15
002526.SZ,0.57
002527.SZ,0.08
002528.SZ,54.38
002529.SZ,27.92
002530.SZ,41.52
002531.SZ,70.61
002532.SZ,22.28
002533.SZ,31.01
002534.SZ,78.9
002535.SZ,0.85
002536.SZ,41.65
002537.SZ,64.49
002538.SZ,41.24
002539.SZ,28.69
002540.SZ,13.92
002541.SZ,19.87
002542.SZ,46.89
002543.SZ,46.68
002544.SZ,52.32
002545.SZ,16.28
002546.SZ,47.13
002547.SZ,0.66
002548.SZ,40.72
002549.SZ,71.98
002550.SZ,0.42
002551.SZ,12.1
002552.SZ,45.75
002553.SZ,1.64
002554.SZ,14.01
002555.SZ,39.12
002556.SZ,44.05
002557.SZ,74.14
002558.SZ,79.9
002559.SZ,20.08
002560.SZ,5.46
002561.SZ,44.81
002562.SZ,1.35
002563.SZ,27.61
002564.SZ,30.57
002565.SZ,24
002566.SZ,0.58
002567.SZ,49.64
002568.SZ,29.79
002569.SZ,37.07
002570.SZ,56.35
002571.SZ,21.17
002572.SZ,46.61
002573.SZ,53.93
002574.SZ,52.9
002575.SZ,37.02
002576.SZ,30.55
002577.SZ,61.73
002578.SZ,10.54
002579.SZ,55.57
002580.SZ,8.23
002581.SZ,1.88
002582.SZ,23.45
002583.SZ,27.17
002584.SZ,7.01
002585.SZ,23.14
002586.SZ,44.68
002587.SZ,8.18
002588.SZ,2.11
002589.SZ,25.26
002590.SZ,51.85
002591.SZ,0.03
002592.SZ,3.54
002593.SZ,0.01
002594.SZ,37.49
002595.SZ,16.31
002596.SZ,12.51
002597.SZ,61.08
002598.SZ,36.74
002599.SZ,10.58
002600.SZ,36.3
002601.SZ,20.9
002602.SZ,57.09
002603.SZ,44.93
002605.SZ,7.81
002606.SZ,1.7
002607.SZ,28.66
002608.SZ,80.47
002609.SZ,32.59
002610.SZ,22.24
002611.SZ,12.73
002612.SZ,11.85
002613.SZ,0.02
002614.SZ,12.78
002615.SZ,5.44
002616.SZ,25.76
002617.SZ,37.84
002618.SZ,32.07
002619.SZ,42.17
002620.SZ,32.91
002621.SZ,34.63
002622.SZ,28.85
002623.SZ,49.55
002624.SZ,78.53
002625.SZ,3.66
002626.SZ,72.72
002627.SZ,48.11
002628.SZ,31.49
002629.SZ,4.08
002630.SZ,2.38
002631.SZ,54.75
002632.SZ,45.07
002633.SZ,17.45
002634.SZ,20.66
002635.SZ,9.37
002636.SZ,69.78
002637.SZ,33.86
002638.SZ,31.98
002639.SZ,1.43
002640.SZ,25.04
002641.SZ,54.25
002642.SZ,11.44
002643.SZ,65.79
002644.SZ,61.82
002645.SZ,59.73
002646.SZ,71.66
002647.SZ,53.46
002648.SZ,57.87
002649.SZ,5.14
002650.SZ,25.68
002651.SZ,2.56
002652.SZ,52.81
002653.SZ,9.19
002654.SZ,35.19
002655.SZ,20.99
002656.SZ,46.04
002657.SZ,9.11
002658.SZ,4.19
002659.SZ,49.43
002660.SZ,7.04
002661.SZ,55.35
002662.SZ,67.55
002663.SZ,8.46
002664.SZ,35.57
002665.SZ,41.84
002666.SZ,3.57
002667.SZ,20.07
002668.SZ,6.69
002669.SZ,34.78
002670.SZ,77.64
002671.SZ,6.99
002672.SZ,52.2
002673.SZ,64.26
002674.SZ,55.12
002675.SZ,52.56
002676.SZ,30.16
002677.SZ,16.97
002678.SZ,84.39
002679.SZ,71.43
002681.SZ,14.62
002682.SZ,42.89
002683.SZ,39.25
002684.SZ,52.35
002685.SZ,42.45
002686.SZ,38.39
002687.SZ,2.49
002688.SZ,47.46
002689.SZ,61.72
002690.SZ,31.94
002691.SZ,41.55
002692.SZ,29.48
002693.SZ,51.14
002694.SZ,37.78
002695.SZ,68.3
002696.SZ,9.51
002697.SZ,63.87
002698.SZ,34.86
002699.SZ,63.05
002700.SZ,36.64
002701.SZ,57.35
002702.SZ,0.15
002703.SZ,61.91
002705.SZ,86.9
002706.SZ,22.64
002707.SZ,17.52
002708.SZ,45.73
002709.SZ,38.08
002711.SZ,53.47
002712.SZ,49.71
002713.SZ,76.17
002714.SZ,40.23
002715.SZ,31.78
002716.SZ,4.18
002717.SZ,15.57
002718.SZ,13.87
002719.SZ,65.02
002721.SZ,32.58
002722.SZ,45.55
002723.SZ,33.95
002724.SZ,14.71
002725.SZ,5.03
002726.SZ,69.8
002727.SZ,31.46
002728.SZ,8.41
002729.SZ,71.01
002730.SZ,57.47
002731.SZ,37.3
002732.SZ,61.91
002733.SZ,49.52
002734.SZ,19.84
002735.SZ,15.63
002736.SZ,90.31
002737.SZ,64.68
002738.SZ,41.14
002739.SZ,70.09
002740.SZ,13.61
002741.SZ,18.05
002742.SZ,0.92
002743.SZ,50.22
002745.SZ,39.48
002746.SZ,8.13
002747.SZ,65.17
002748.SZ,66.75
002749.SZ,11.21
002750.SZ,69.32
002751.SZ,3.11
002752.SZ,84.26
002753.SZ,20.29
002755.SZ,5.33
002756.SZ,25.57
002757.SZ,52.79
002758.SZ,34.83
002759.SZ,72.99
002760.SZ,32.45
002761.SZ,67.32
002762.SZ,0.72
002763.SZ,0.33
002765.SZ,1.13
002766.SZ,23.13
002767.SZ,0.82
002768.SZ,41.03
002769.SZ,22.23
002770.SZ,20.66
002771.SZ,19.76
002772.SZ,8.78
002773.SZ,61.95
002774.SZ,0
002775.SZ,38.26
002776.SZ,1.84
002777.SZ,68.5
002778.SZ,18.75
002779.SZ,62.48
002780.SZ,24.43
002781.SZ,50.65
002782.SZ,72.4
002783.SZ,20.53
002785.SZ,29.14
002786.SZ,63.71
002787.SZ,11.32
002788.SZ,46.63
002789.SZ,5.53
002790.SZ,0.15
002791.SZ,21.35
002792.SZ,11.21
002793.SZ,4.87
002795.SZ,69.1
002796.SZ,10.75
002797.SZ,46.62
002798.SZ,28.57
002799.SZ,73
002800.SZ,48.23
002801.SZ,11.56
002802.SZ,4.79
002803.SZ,40.98
002805.SZ,4.52
002806.SZ,34.91
002807.SZ,38.21
002808.SZ,8.48
002809.SZ,17.21
002810.SZ,11.05
002811.SZ,61.83
002812.SZ,52.45
002813.SZ,0.03
002815.SZ,12.8
002816.SZ,10.32
002817.SZ,0.16
002818.SZ,11.87
002819.SZ,101.79
002820.SZ,61.57
002821.SZ,67.74
002822.SZ,5
002823.SZ,8.89
002824.SZ,0.14
002825.SZ,11.51
002826.SZ,20.51
002827.SZ,74.02
002828.SZ,0.01
002829.SZ,4.78
002830.SZ,0.72
002831.SZ,32.05
002832.SZ,22.6
002833.SZ,25.3
002835.SZ,2.41
002836.SZ,71.01
002837.SZ,44.12
002838.SZ,16.71
002839.SZ,5.46
002840.SZ,48.39
002841.SZ,57.96
002842.SZ,5.58
002843.SZ,40.28
002845.SZ,18.32
002846.SZ,2.81
002847.SZ,33.76
002848.SZ,0.9
002849.SZ,7.43
002850.SZ,44.29
002851.SZ,32.39
002852.SZ,20.24
002853.SZ,13.01
002855.SZ,12.06
002856.SZ,0
002857.SZ,29.2
002858.SZ,11.09
002859.SZ,29.41
002860.SZ,4.03
002861.SZ,9.54
002863.SZ,37.98
002864.SZ,37.35
002865.SZ,0.62
002866.SZ,11.54
002867.SZ,58.46
002868.SZ,22.01
002869.SZ,24.48
002870.SZ,0.95
002871.SZ,0
002872.SZ,9.05
002873.SZ,22.46
002875.SZ,0.01
002876.SZ,16.08
002877.SZ,0
002878.SZ,33.44
002879.SZ,7.71
002880.SZ,23.78
002881.SZ,2.58
002882.SZ,6.45
002883.SZ,21.19
002884.SZ,1.57
002885.SZ,2.06
002886.SZ,4.77
002887.SZ,16.17
002888.SZ,5.02
002889.SZ,0
002890.SZ,32.99
002891.SZ,51.49
002892.SZ,0
002893.SZ,20.31
002895.SZ,7.85
002896.SZ,27.39
002897.SZ,19.61
002898.SZ,26.97
002899.SZ,43.72
002900.SZ,24.45
002901.SZ,43.05
002902.SZ,21.39
002903.SZ,1.02
002905.SZ,12.52
002906.SZ,62.91
002907.SZ,1.93
002908.SZ,3.18
002909.SZ,30.1
002910.SZ,9.72
002911.SZ,80.22
002912.SZ,46.41
002913.SZ,21.97
002915.SZ,0
002916.SZ,42.07
002917.SZ,8.52
002918.SZ,28.44
002919.SZ,13.72
002920.SZ,52.6
002921.SZ,19.6
002922.SZ,2.97
002923.SZ,12.31
002925.SZ,46.62
002926.SZ,52.93
002927.SZ,24.55
002928.SZ,29.97
002929.SZ,15.55
002930.SZ,15.75
002931.SZ,12.59
002932.SZ,22.53
002933.SZ,30.67
002935.SZ,24.46
002936.SZ,21.82
002937.SZ,10.64
002938.SZ,52.74
002939.SZ,65.59
002940.SZ,11.32
002941.SZ,25.55
002942.SZ,11.83
002943.SZ,27.41
002945.SZ,5.15
002946.SZ,4.88
002947.SZ,15.21
002948.SZ,4.66
002949.SZ,0.01
002950.SZ,1.54
002951.SZ,0.29
002952.SZ,9.24
002953.SZ,0.42
002955.SZ,0.92
002956.SZ,4.94
002957.SZ,3.43
002958.SZ,2.62
002959.SZ,3.69
002960.SZ,0.01
002961.SZ,1.28
002962.SZ,0.08
002963.SZ,0.45
002965.SZ,0.6
002966.SZ,1.99
002967.SZ,21.4
002968.SZ,15.66
002969.SZ,0.54
002970.SZ,10.25
002972.SZ,6.57
002973.SZ,7.04
003003.SZ,0
003816.SZ,84.76
300001.SZ,57.47
300002.SZ,6.46
300003.SZ,60.68
300004.SZ,13.74
300005.SZ,14.11
300006.SZ,14.36
300007.SZ,0.98
300008.SZ,2.65
300009.SZ,22.78
300010.SZ,22.63
300011.SZ,17.13
300012.SZ,54.19
300013.SZ,32.64
300014.SZ,64.33
300015.SZ,72.56
300016.SZ,23.74
300017.SZ,10.1
300018.SZ,5.29
300019.SZ,29.35
300020.SZ,29.95
300021.SZ,8.2
300022.SZ,7.74
300023.SZ,25.91
300024.SZ,38.74
300025.SZ,16.84
300026.SZ,42.66
300027.SZ,23.61
300029.SZ,21.89
300030.SZ,12.99
300031.SZ,22.8
300032.SZ,28.22
300033.SZ,27.84
300034.SZ,57.02
300035.SZ,13.04
300036.SZ,38.65
300037.SZ,39.71
300038.SZ,32.17
300039.SZ,14.82
300040.SZ,6.23
300041.SZ,2.31
300042.SZ,40.07
300043.SZ,8.39
300044.SZ,9.95
300045.SZ,10.86
300046.SZ,34.39
300047.SZ,5.84
300048.SZ,21.97
300049.SZ,16.3
300050.SZ,0.14
300051.SZ,4.52
300052.SZ,40.93
300053.SZ,25.34
300054.SZ,23.8
300055.SZ,13.9
300056.SZ,17.73
300057.SZ,5.91
300058.SZ,17.48
300059.SZ,17.57
300061.SZ,58.76
300062.SZ,9.29
300063.SZ,16.3
300064.SZ,39.49
300065.SZ,16.75
300066.SZ,44
300067.SZ,2.39
300068.SZ,40.48
300069.SZ,28.59
300070.SZ,37.34
300071.SZ,5.36
300072.SZ,52.79
300073.SZ,52.21
300074.SZ,17.79
300075.SZ,3.1
300076.SZ,33.41
300077.SZ,0.42
300078.SZ,37.23
300079.SZ,3.17
300080.SZ,21.13
300081.SZ,17.92
300082.SZ,60.09
300083.SZ,19.15
300084.SZ,7.45
300085.SZ,6.33
300086.SZ,46.52
300087.SZ,39.23
300088.SZ,34.45
300089.SZ,1.95
300091.SZ,14.32
300092.SZ,2.41
300093.SZ,13.84
300094.SZ,57.24
300095.SZ,28.51
300096.SZ,21.86
300097.SZ,9.12
300098.SZ,16.15
300099.SZ,0.03
300100.SZ,55.12
300101.SZ,34.17
300102.SZ,38.9
300103.SZ,41.29
300105.SZ,46.95
300106.SZ,42.55
300107.SZ,1.22
300108.SZ,21.7
300109.SZ,14.41
300110.SZ,29.33
300111.SZ,3.13
300112.SZ,3.77
300113.SZ,41.41
300114.SZ,67.09
300115.SZ,62.2
300116.SZ,27.22
300117.SZ,42.3
300118.SZ,30.72
300119.SZ,17.82
300120.SZ,30.15
300121.SZ,16.24
300122.SZ,21.65
300123.SZ,38.51
300124.SZ,55.28
300125.SZ,22.36
300126.SZ,5.93
300127.SZ,46.77
300128.SZ,9.3
300129.SZ,21.99
300130.SZ,23.81
300131.SZ,8.16
300132.SZ,15.41
300133.SZ,51.74
300134.SZ,58.94
300135.SZ,0.03
300136.SZ,28.07
300137.SZ,3.2
300138.SZ,3.93
300139.SZ,2.03
300140.SZ,61.89
300141.SZ,0.73
300142.SZ,32.56
300143.SZ,45.75
300144.SZ,68.19
300145.SZ,28.52
300146.SZ,21.1
300147.SZ,47.42
300148.SZ,23.89
300149.SZ,51.78
300150.SZ,14.95
300151.SZ,1.24
300152.SZ,29.82
300153.SZ,51.38
300154.SZ,39.17
300155.SZ,0.74
300157.SZ,10.84
300158.SZ,49.34
300159.SZ,18.34
300160.SZ,48.99
300161.SZ,38.78
300162.SZ,20.45
300163.SZ,0.13
300164.SZ,15.8
300165.SZ,1.36
300166.SZ,28.47
300167.SZ,37.58
300168.SZ,48.48
300169.SZ,10.71
300170.SZ,12.25
300171.SZ,0.22
300172.SZ,0.99
300173.SZ,43.68
300174.SZ,18.04
300175.SZ,14.64
300176.SZ,32.25
300177.SZ,2.04
300178.SZ,45.79
300179.SZ,5.58
300180.SZ,26.14
300181.SZ,10.76
300182.SZ,27.92
300183.SZ,6.81
300184.SZ,8.12
300185.SZ,13.16
300187.SZ,64.66
300188.SZ,51.63
300189.SZ,24.48
300190.SZ,61.64
300191.SZ,2.37
300192.SZ,5.12
300193.SZ,25.41
300194.SZ,19.94
300195.SZ,12.02
300196.SZ,30.38
300197.SZ,27.14
300198.SZ,8.07
300199.SZ,17.17
300200.SZ,41.01
300201.SZ,41.85
300202.SZ,36.07
300203.SZ,53.26
300204.SZ,65.36
300205.SZ,48.11
300206.SZ,6.83
300207.SZ,39.52
300208.SZ,42.38
300209.SZ,28.43
300210.SZ,1.95
300211.SZ,1.68
300212.SZ,49.13
300213.SZ,14.34
300214.SZ,31.41
300215.SZ,37.58
300217.SZ,0.57
300218.SZ,62.25
300219.SZ,40.68
300220.SZ,9.14
300221.SZ,30.5
300222.SZ,20.13
300223.SZ,14.65
300224.SZ,66.94
300225.SZ,39.97
300226.SZ,48.5
300227.SZ,3.97
300228.SZ,5.62
300229.SZ,50.51
300230.SZ,10.48
300231.SZ,4.08
300232.SZ,28.4
300233.SZ,61.45
300234.SZ,6.75
300235.SZ,11.38
300236.SZ,47.07
300237.SZ,40.99
300238.SZ,37.14
300239.SZ,43.32
300240.SZ,54.46
300241.SZ,17.02
300242.SZ,32.9
300243.SZ,17.97
300244.SZ,31.48
300245.SZ,15.13
300246.SZ,4.08
300247.SZ,18.51
300248.SZ,13.38
300249.SZ,8.39
300250.SZ,7.32
300251.SZ,71.67
300252.SZ,20.98
300253.SZ,35.67
300254.SZ,1.8
300255.SZ,23.17
300256.SZ,29.29
300257.SZ,68.78
300258.SZ,65.17
300259.SZ,5.53
300260.SZ,4.59
300261.SZ,44
300262.SZ,17.07
300263.SZ,20.18
300264.SZ,2.23
300265.SZ,56.48
300266.SZ,36.27
300267.SZ,16.5
300268.SZ,4.7
300269.SZ,2.32
300270.SZ,11.79
300271.SZ,36.65
300272.SZ,20.48
300273.SZ,3.72
300274.SZ,36.8
300275.SZ,11.33
300276.SZ,18.86
300277.SZ,31.13
300278.SZ,11.2
300279.SZ,14.22
300280.SZ,27.46
300281.SZ,38.05
300282.SZ,30.49
300283.SZ,3.02
300284.SZ,15.79
300285.SZ,50.84
300286.SZ,26.68
300287.SZ,1.3
300288.SZ,7.55
300289.SZ,43.42
300290.SZ,31.52
300291.SZ,41.3
300292.SZ,3.82
300293.SZ,63.27
300294.SZ,58.95
300295.SZ,6.65
300296.SZ,23.44
300297.SZ,27.78
300298.SZ,31.63
300299.SZ,26.64
300300.SZ,33.24
300301.SZ,30.37
300302.SZ,11.93
300303.SZ,11.68
300304.SZ,46.91
300305.SZ,37.86
300306.SZ,10.74
300307.SZ,59.38
300308.SZ,64.51
300309.SZ,2.87
300310.SZ,8.99
300311.SZ,10.63
300312.SZ,0.1
300313.SZ,48.39
300314.SZ,0.84
300315.SZ,29.62
300316.SZ,66.09
300317.SZ,60.97
300318.SZ,1.4
300319.SZ,39.38
300320.SZ,10.27
300321.SZ,49.15
300322.SZ,23.57
300323.SZ,47.63
300324.SZ,22.06
300325.SZ,34.47
300326.SZ,47.88
300327.SZ,48.44
300328.SZ,52.39
300329.SZ,46.03
300330.SZ,30.42
300331.SZ,13.96
300332.SZ,30.96
300333.SZ,22.91
300334.SZ,49.31
300335.SZ,5.26
300336.SZ,25.55
300337.SZ,28.92
300338.SZ,17.89
300339.SZ,33.54
300340.SZ,7.24
300341.SZ,68.95
300342.SZ,50.68
300343.SZ,1.44
300344.SZ,4.72
300345.SZ,24.45
300346.SZ,21.32
300347.SZ,53.05
300348.SZ,15
300349.SZ,39.27
300350.SZ,20.62
300351.SZ,17.38
300352.SZ,8.15
300353.SZ,4.08
300354.SZ,4.21
300355.SZ,14.51
300356.SZ,32.5
300357.SZ,71.42
300358.SZ,63.84
300359.SZ,33.43
300360.SZ,44.24
300362.SZ,24.99
300363.SZ,44.86
300364.SZ,14.5
300365.SZ,26.1
300366.SZ,15.42
300367.SZ,17.2
300368.SZ,46.9
300369.SZ,63.74
300370.SZ,2.61
300371.SZ,2.94
300373.SZ,44.63
300374.SZ,34.4
300375.SZ,3.51
300376.SZ,75.18
300377.SZ,3.62
300378.SZ,41.45
300379.SZ,11.19
300380.SZ,37.35
300381.SZ,39.58
300382.SZ,69.79
300383.SZ,56.02
300384.SZ,11.68
300385.SZ,42.32
300386.SZ,3.35
300387.SZ,54.21
300388.SZ,63.42
300389.SZ,5.01
300390.SZ,1.36
300391.SZ,59.87
300392.SZ,43.38
300393.SZ,21.64
300394.SZ,66.56
300395.SZ,27.55
300396.SZ,66.22
300397.SZ,16.28
300398.SZ,66.91
300399.SZ,38.64
300400.SZ,2.05
300401.SZ,42.81
300402.SZ,69.05
300403.SZ,28.41
300404.SZ,7.71
300405.SZ,17.91
300406.SZ,18.98
300407.SZ,20.2
300408.SZ,60.05
300409.SZ,12.48
300410.SZ,49.4
300411.SZ,4.55
300412.SZ,39.09
300413.SZ,77.44
300414.SZ,61.32
300415.SZ,20.22
300416.SZ,50.8
300417.SZ,5.7
300418.SZ,18.53
300419.SZ,0.13
300420.SZ,3.85
300421.SZ,3.49
300422.SZ,12.58
300423.SZ,28.95
300424.SZ,11.63
300425.SZ,47.92
300426.SZ,21.01
300427.SZ,6.15
300428.SZ,10.03
300429.SZ,4.37
300430.SZ,33.82
300431.SZ,0.01
300432.SZ,40.55
300433.SZ,80.54
300434.SZ,7.16
300435.SZ,21.66
300436.SZ,40.3
300437.SZ,3.72
300438.SZ,16.74
300439.SZ,28.35
300440.SZ,56.41
300441.SZ,10.39
300442.SZ,32.78
300443.SZ,17.62
300444.SZ,2.41
300445.SZ,4.67
300446.SZ,33.58
300447.SZ,7.28
300448.SZ,11.87
300449.SZ,12.02
300450.SZ,76.44
300451.SZ,46.02
300452.SZ,20.15
300453.SZ,13.86
300454.SZ,63.7
300455.SZ,53.81
300456.SZ,20.35
300457.SZ,46.63
300458.SZ,6.51
300459.SZ,42.45
300460.SZ,51.56
300461.SZ,21.13
300462.SZ,0.1
300463.SZ,25.52
300464.SZ,52.26
300465.SZ,36.78
300466.SZ,39.5
300467.SZ,4.51
300468.SZ,43.43
300469.SZ,42.05
300470.SZ,47.59
300471.SZ,16.46
300472.SZ,15.8
300473.SZ,56.81
300474.SZ,18.32
300475.SZ,55.08
300476.SZ,70.51
300477.SZ,9.33
300478.SZ,60.82
300479.SZ,42.51
300480.SZ,20.12
300481.SZ,55.77
300482.SZ,59.66
300483.SZ,31.26
300484.SZ,14.69
300485.SZ,2
300486.SZ,9.46
300487.SZ,17.95
300488.SZ,11.58
300489.SZ,15.75
300490.SZ,61.61
300491.SZ,1.31
300492.SZ,53.7
300493.SZ,49.29
300494.SZ,19.63
300495.SZ,5.31
300496.SZ,39.85
300497.SZ,26.76
300498.SZ,14.14
300499.SZ,17.84
300500.SZ,53.06
300501.SZ,12.38
300502.SZ,20.11
300503.SZ,15.42
300504.SZ,28.1
300505.SZ,3.64
300506.SZ,34.33
300507.SZ,0.01
300508.SZ,2.71
300509.SZ,13.15
300510.SZ,39.46
300511.SZ,19.96
300512.SZ,55.95
300513.SZ,9.6
300514.SZ,0.04
300515.SZ,45.98
300516.SZ,76.78
300517.SZ,0.6
300518.SZ,8.38
300519.SZ,41.48
300520.SZ,50.08
300521.SZ,51.72
300522.SZ,21.28
300523.SZ,66.96
300525.SZ,14.28
300526.SZ,62.91
300527.SZ,71.54
300528.SZ,37.8
300529.SZ,34.31
300530.SZ,52.98
300531.SZ,64.93
300532.SZ,8.57
300533.SZ,3.18
300534.SZ,42.74
300535.SZ,14.18
300536.SZ,2.06
300537.SZ,8.42
300538.SZ,0.33
300539.SZ,0.64
300540.SZ,34.68
300541.SZ,8.7
300542.SZ,2.42
300543.SZ,6.36
300545.SZ,2.19
300546.SZ,13.42
300547.SZ,9.6
300548.SZ,41.03
300549.SZ,53.68
300550.SZ,71.18
300551.SZ,5.01
300552.SZ,17.88
300553.SZ,21.81
300554.SZ,14.08
300555.SZ,20.37
300556.SZ,7.4
300557.SZ,52.16
300558.SZ,68.75
300559.SZ,37.75
300560.SZ,14.79
300561.SZ,6.88
300562.SZ,17.8
300563.SZ,16.25
300564.SZ,0.05
300565.SZ,14.54
300566.SZ,39.69
300567.SZ,24.12
300568.SZ,31.31
300569.SZ,16.02
300570.SZ,39.49
300571.SZ,43.44
300572.SZ,51.54
300573.SZ,44.66
300575.SZ,19.14
300576.SZ,4.15
300577.SZ,31.66
300578.SZ,2.29
300579.SZ,66.3
300580.SZ,12.62
300581.SZ,65.65
300582.SZ,33.26
300583.SZ,1.42
300584.SZ,11.82
300585.SZ,13.76
300586.SZ,1.21
300587.SZ,8.64
300588.SZ,6.97
300589.SZ,0
300590.SZ,57.03
300592.SZ,15.93
300593.SZ,27.13
300594.SZ,0
300595.SZ,61.82
300596.SZ,59.85
300597.SZ,3.26
300598.SZ,33.91
300599.SZ,0.71
300600.SZ,18.19
300601.SZ,42.42
300602.SZ,5.97
300603.SZ,7.48
300604.SZ,38.83
300605.SZ,20.96
300607.SZ,19.9
300608.SZ,24
300609.SZ,54.4
300610.SZ,17.48
300611.SZ,17.15
300612.SZ,8.07
300613.SZ,6.07
300615.SZ,1.19
300616.SZ,41.75
300617.SZ,4.95
300618.SZ,58.22
300619.SZ,0.01
300620.SZ,1.17
300621.SZ,6.02
300622.SZ,19.4
300623.SZ,22.94
300624.SZ,30.99
300625.SZ,9.89
300626.SZ,21.19
300627.SZ,31.8
300628.SZ,56.81
300629.SZ,11.19
300630.SZ,62.76
300631.SZ,17.71
300632.SZ,6.06
300633.SZ,38.58
300634.SZ,63.01
300635.SZ,3.63
300636.SZ,45.6
300637.SZ,27.67
300638.SZ,25.48
300639.SZ,35.87
300640.SZ,4.25
300641.SZ,36.47
300642.SZ,44.59
300643.SZ,6.23
300644.SZ,36.01
300645.SZ,30.41
300647.SZ,1.72
300648.SZ,2.48
300649.SZ,0.02
300650.SZ,15.12
300651.SZ,7.85
300652.SZ,1.3
300653.SZ,33.95
300654.SZ,10.08
300655.SZ,15.34
300656.SZ,14.38
300657.SZ,43.79
300658.SZ,2.48
300659.SZ,42.84
300660.SZ,4.79
300661.SZ,56.79
300662.SZ,62.81
300663.SZ,23.74
300664.SZ,12.65
300665.SZ,9.16
300666.SZ,10.76
300667.SZ,4.29
300668.SZ,17.33
300669.SZ,15.24
300670.SZ,33.19
300671.SZ,13.47
300672.SZ,26.4
300673.SZ,17.74
300674.SZ,69.44
300675.SZ,39.16
300676.SZ,48.79
300677.SZ,45.3
300678.SZ,47.03
300679.SZ,29.1
300680.SZ,7.48
300681.SZ,14.63
300682.SZ,53.58
300683.SZ,7.5
300684.SZ,40.08
300685.SZ,55.39
300686.SZ,5.05
300687.SZ,32.15
300688.SZ,27.44
300689.SZ,14.4
300690.SZ,29.95
300691.SZ,11.75
300692.SZ,35.99
300693.SZ,7.3
300694.SZ,31.27
300695.SZ,0.85
300696.SZ,27.72
300697.SZ,3.45
300698.SZ,0
300699.SZ,52.09
300700.SZ,18.18
300701.SZ,8.29
300702.SZ,23.86
300703.SZ,17.91
300705.SZ,23.03
300706.SZ,4.56
300707.SZ,31.55
300708.SZ,4.5
300709.SZ,29.35
300710.SZ,16.4
300711.SZ,9.7
300712.SZ,25.38
300713.SZ,14.17
300715.SZ,4.33
300716.SZ,47.61
300717.SZ,20.43
300718.SZ,3.58
300719.SZ,5.36
300720.SZ,0.08
300721.SZ,7.55
300722.SZ,5.64
300723.SZ,29.88
300724.SZ,61.73
300725.SZ,40.05
300726.SZ,30.7
300727.SZ,0
300730.SZ,11.92
300731.SZ,49.57
300732.SZ,24.59
300733.SZ,5.69
300735.SZ,12.32
300736.SZ,1.79
300737.SZ,35.94
300738.SZ,15.99
300739.SZ,1.45
300740.SZ,37.5
300741.SZ,51.36
300742.SZ,31.06
300743.SZ,17.56
300745.SZ,12.88
300746.SZ,4.14
300747.SZ,45.02
300748.SZ,59.89
300749.SZ,0.38
300750.SZ,59.86
300751.SZ,59.84
300752.SZ,0.06
300753.SZ,23.08
300755.SZ,19.16
300756.SZ,0.98
300757.SZ,9.83
300758.SZ,0.01
300759.SZ,55.31
300760.SZ,64.52
300761.SZ,16.32
300762.SZ,0.64
300763.SZ,0.5
300765.SZ,0.34
300766.SZ,12.35
300767.SZ,19.99
300768.SZ,4.57
300769.SZ,32.27
300770.SZ,47.4
300771.SZ,0.08
300772.SZ,25.25
300773.SZ,18.21
300775.SZ,3.2
300776.SZ,5.64
300777.SZ,0.02
300778.SZ,0
300779.SZ,0.55
300780.SZ,1.16
300781.SZ,0.44
300782.SZ,39.49
300783.SZ,33.04
300785.SZ,40.47
300786.SZ,0
300787.SZ,0.04
300788.SZ,48.85
300790.SZ,1.51
300791.SZ,1.01
300792.SZ,53.9
300793.SZ,0.67
300795.SZ,0.42
300796.SZ,0.04
300797.SZ,1.46
300798.SZ,1.01
300799.SZ,0
300800.SZ,0.39
300801.SZ,0.13
300802.SZ,0.44
300803.SZ,1.39
300805.SZ,0.11
300806.SZ,6.56
300807.SZ,0.78
300808.SZ,0.45
300809.SZ,0.71
300810.SZ,0.2
300811.SZ,0.36
300812.SZ,0.37
600000.SH,77.62
600004.SH,75.33
600006.SH,65.3
600007.SH,86.03
600008.SH,63.89
600009.SH,67.03
600010.SH,52.68
600011.SH,82.09
600012.SH,82.71
600015.SH,74.87
600016.SH,54.59
600017.SH,58.14
600018.SH,90.4
600019.SH,82.27
600020.SH,62.48
600021.SH,78.99
600022.SH,54.79
600023.SH,85.08
600025.SH,85.7
600026.SH,70.78
600027.SH,76.67
600028.SH,94.42
600029.SH,77.98
600030.SH,44.69
600031.SH,60.46
600033.SH,55.75
600035.SH,59.66
600036.SH,66.03
600037.SH,56.81
600038.SH,75.08
600039.SH,58.41
600048.SH,69.86
600050.SH,72.8
600051.SH,31.5
600052.SH,45.02
600053.SH,75.87
600054.SH,62.55
600055.SH,40.23
600056.SH,61.77
600057.SH,69.78
600058.SH,69.13
600059.SH,52.2
600060.SH,66.13
600061.SH,78.4
600062.SH,69.99
600063.SH,41.29
600064.SH,45.98
600066.SH,69.12
600067.SH,50.78
600068.SH,56.01
600070.SH,35.52
600071.SH,46.62
600072.SH,45.31
600073.SH,47.15
600075.SH,61.42
600076.SH,23.01
600077.SH,43.65
600078.SH,42.58
600079.SH,53.89
600080.SH,26.67
600081.SH,65.44
600082.SH,30.54
600083.SH,40.03
600084.SH,49.12
600085.SH,79.74
600086.SH,39.81
600088.SH,61.95
600089.SH,40.85
600090.SH,58.48
600091.SH,41.3
600093.SH,71.8
600094.SH,26.66
600095.SH,16.6
600096.SH,67.22
600097.SH,61.27
600098.SH,86.04
600099.SH,42.28
600100.SH,49.68
600101.SH,38.06
600103.SH,32.75
600104.SH,88.84
600105.SH,45.29
600106.SH,31.36
600107.SH,21.2
600108.SH,27.93
600109.SH,45.03
600110.SH,12.74
600111.SH,53.23
600112.SH,18.34
600113.SH,49.29
600114.SH,40.79
600115.SH,78.79
600116.SH,61.9
600117.SH,65.61
600118.SH,59.82
600119.SH,39.22
600120.SH,55.65
600121.SH,64.85
600122.SH,39.08
600123.SH,46.25
600125.SH,35.69
600126.SH,85.13
600127.SH,26.39
600128.SH,28.44
600129.SH,50.48
600130.SH,18.08
600131.SH,49.74
600132.SH,87.27
600133.SH,34.41
600135.SH,34.98
600136.SH,43.71
600137.SH,65.44
600138.SH,45.04
600139.SH,34.14
600141.SH,44.47
600143.SH,17.6
600145.SH,67.39
600146.SH,49.17
600148.SH,54.79
600149.SH,35.3
600150.SH,65.8
600151.SH,41.3
600152.SH,37.29
600153.SH,66.36
600155.SH,52.85
600156.SH,40.55
600157.SH,58.37
600158.SH,11.84
600159.SH,48.66
600160.SH,61.09
600161.SH,71.76
600162.SH,65.35
600163.SH,58.74
600165.SH,33.25
600166.SH,43.92
600167.SH,86.73
600168.SH,65.43
600169.SH,40.28
600170.SH,67.31
600171.SH,36.03
600172.SH,29.05
600173.SH,55.04
600176.SH,64.49
600177.SH,59.21
600178.SH,51.74
600179.SH,51.35
600180.SH,74.07
600182.SH,0.56
600183.SH,67.85
600184.SH,75.3
600185.SH,74.53
600186.SH,44.91
600187.SH,21.19
600188.SH,83.04
600189.SH,50.01
600190.SH,77.56
600191.SH,55.09
600192.SH,39.02
600193.SH,35.39
600195.SH,59.82
600196.SH,63.5
600197.SH,56.21
600198.SH,36.68
600199.SH,37.88
600200.SH,21.74
600201.SH,39.98
600202.SH,34.5
600203.SH,40.42
600206.SH,40.68
600207.SH,67.44
600208.SH,51.13
600209.SH,29.29
600210.SH,28.32
600211.SH,59.77
600212.SH,1.56
600213.SH,51.3
600215.SH,29.62
600216.SH,58.64
600217.SH,59.25
600218.SH,34.55
600219.SH,47.76
600220.SH,15.07
600221.SH,53.31
600222.SH,31.06
600223.SH,63.18
600225.SH,52.3
600226.SH,7.83
600227.SH,24.68
600228.SH,25.58
600229.SH,62.75
600230.SH,49.86
600231.SH,74.27
600232.SH,51.02
600233.SH,78.82
600234.SH,22.35
600235.SH,35.56
600236.SH,93.04
600237.SH,16.84
600238.SH,46.97
600239.SH,44.86
600241.SH,51.14
600242.SH,44.48
600243.SH,56.91
600246.SH,72.68
600247.SH,7.67
600248.SH,56.82
600249.SH,40.23
600250.SH,46.55
600251.SH,56.48
600252.SH,44.81
600255.SH,12.63
600256.SH,58.15
600257.SH,28.1
600258.SH,75.06
600259.SH,53.42
600260.SH,26
600261.SH,53.89
600262.SH,59.53
600265.SH,69.65
600266.SH,49.05
600267.SH,46.64
600268.SH,52.03
600269.SH,53.93
600271.SH,61.6
600272.SH,44.94
600273.SH,53.16
600275.SH,31.16
600276.SH,78.03
600277.SH,63.09
600278.SH,68.35
600279.SH,42
600280.SH,17.43
600281.SH,44.22
600282.SH,58.31
600283.SH,70.03
600284.SH,38.46
600285.SH,46.92
600287.SH,50.73
600288.SH,1.56
600289.SH,29.5
600290.SH,37.45
600291.SH,61.29
600292.SH,54.02
600293.SH,41.72
600295.SH,72.28
600297.SH,75.41
600298.SH,75.82
600299.SH,90.93
600300.SH,43.38
600301.SH,33.9
600302.SH,42.77
600303.SH,29.69
600305.SH,55.1
600306.SH,30.07
600307.SH,57.24
600308.SH,38.52
600309.SH,38.53
600310.SH,52.32
600311.SH,16.76
600312.SH,57
600313.SH,43.34
600315.SH,69.35
600316.SH,50.87
600317.SH,83.75
600318.SH,44.91
600319.SH,37.91
600320.SH,59.09
600321.SH,48.46
600322.SH,38.9
600323.SH,63.67
600325.SH,43.75
600326.SH,28.98
600327.SH,49.13
600328.SH,33.65
600329.SH,62.18
600330.SH,20.43
600331.SH,52.33
600332.SH,72.45
600333.SH,52.79
600335.SH,72.95
600336.SH,49.39
600337.SH,55.89
600338.SH,74.06
600339.SH,40.81
600340.SH,76.33
600343.SH,44.62
600345.SH,47.53
600346.SH,76.52
600348.SH,63.27
600350.SH,89.8
600351.SH,36.24
600352.SH,8.88
600353.SH,46.52
600354.SH,33.11
600355.SH,5.59
600356.SH,44.23
600358.SH,46.93
600359.SH,40.98
600360.SH,25.18
600361.SH,58.28
600362.SH,71.75
600363.SH,25.19
600365.SH,17.3
600366.SH,38.4
600367.SH,36.82
600368.SH,51.31
600369.SH,61.85
600370.SH,54.72
600371.SH,49.04
600372.SH,83.09
600373.SH,73.2
600375.SH,20.76
600376.SH,76.12
600377.SH,92.41
600378.SH,45.5
600379.SH,46
600380.SH,68.44
600381.SH,56.17
600382.SH,49.85
600383.SH,75.81
600385.SH,48.65
600386.SH,55.38
600387.SH,31.42
600388.SH,41.41
600389.SH,32.52
600390.SH,58.01
600391.SH,37.87
600392.SH,36.21
600393.SH,16.72
600395.SH,75.01
600396.SH,63.07
600397.SH,40.06
600398.SH,88.85
600399.SH,50.51
600400.SH,74.99
600403.SH,91.7
600405.SH,2.77
600406.SH,69.32
600409.SH,56.88
600410.SH,8.67
600415.SH,69.85
600416.SH,50.12
600418.SH,55.43
600419.SH,52.15
600420.SH,53.63
600421.SH,49.46
600422.SH,46.01
600423.SH,47.87
600425.SH,37.31
600426.SH,67.99
600428.SH,66.53
600429.SH,69.25
600433.SH,38.82
600435.SH,52.54
600436.SH,69.13
600438.SH,77.62
600439.SH,50.49
600444.SH,54.69
600446.SH,9.7
600448.SH,29.84
600449.SH,50.74
600452.SH,59.57
600455.SH,22.67
600456.SH,62.03
600458.SH,54.46
600459.SH,41.38
600460.SH,45.99
600461.SH,58.11
600462.SH,22.24
600463.SH,66.94
600466.SH,59.7
600467.SH,41.38
600468.SH,64.37
600469.SH,54.67
600470.SH,26.54
600475.SH,0.56
600476.SH,43.63
600477.SH,3.13
600478.SH,27.57
600479.SH,42.01
600480.SH,50.9
600481.SH,56
600482.SH,75.07
600483.SH,86.74
600485.SH,14.25
600486.SH,65.56
600487.SH,30.34
600488.SH,52.46
600489.SH,59.43
600490.SH,24.77
600491.SH,20.06
600493.SH,9.92
600495.SH,31.31
600496.SH,27.6
600497.SH,46.55
600498.SH,59.45
600499.SH,8.62
600500.SH,66.07
600501.SH,50.33
600502.SH,10.55
600503.SH,14.38
600505.SH,59.18
600506.SH,25.52
600507.SH,58.06
600508.SH,63.78
600509.SH,45.81
600510.SH,66.74
600511.SH,46.78
600512.SH,8.86
600513.SH,40.88
600515.SH,60.67
600516.SH,43.72
600517.SH,58.43
600518.SH,50.16
600519.SH,79.49
600520.SH,48.53
600521.SH,17.02
600522.SH,39.67
600523.SH,57.24
600525.SH,31.77
600526.SH,43.76
600527.SH,2.1
600528.SH,67.37
600529.SH,68.53
600530.SH,58.81
600531.SH,42.5
600532.SH,32.35
600533.SH,47.38
600535.SH,57.49
600536.SH,59.24
600537.SH,23.67
600538.SH,10.05
600539.SH,50.25
600540.SH,42.24
600543.SH,41.99
600545.SH,40.97
600546.SH,70.59
600547.SH,63.49
600548.SH,91.15
600549.SH,61.11
600550.SH,58.94
600551.SH,73.29
600552.SH,28.17
600555.SH,30.52
600556.SH,2.32
600557.SH,60.02
600558.SH,34.76
600559.SH,50.23
600560.SH,45.31
600561.SH,31.56
600562.SH,57.02
600563.SH,77.85
600565.SH,52.58
600566.SH,72.99
600567.SH,41.66
600568.SH,37.05
600569.SH,61.17
600570.SH,42.12
600571.SH,23.94
600572.SH,36.98
600573.SH,52.48
600575.SH,64.45
600576.SH,44.36
600577.SH,35.25
600578.SH,85.43
600579.SH,56.1
600580.SH,58.15
600581.SH,51.15
600582.SH,71.13
600583.SH,77.28
600584.SH,34.75
600585.SH,75.63
600586.SH,37.07
600587.SH,55.84
600588.SH,59.9
600589.SH,31.33
600590.SH,43.93
600592.SH,43.16
600593.SH,49.55
600594.SH,8.74
600595.SH,53.89
600596.SH,26.17
600597.SH,66.27
600598.SH,68
600599.SH,44.78
600600.SH,79.16
600601.SH,16.94
600602.SH,46.85
600603.SH,38.23
600604.SH,61.53
600605.SH,54.63
600606.SH,87.41
600608.SH,18.93
600609.SH,44.4
600610.SH,18.37
600611.SH,31.75
600612.SH,81.48
600613.SH,46.14
600614.SH,28.75
600615.SH,40.77
600616.SH,39.66
600617.SH,69.3
600618.SH,73.65
600619.SH,65.12
600620.SH,58.34
600621.SH,31.8
600622.SH,59.13
600623.SH,81.55
600624.SH,31.54
600626.SH,41.27
600628.SH,54.98
600629.SH,68.84
600630.SH,31.13
600633.SH,60.55
600634.SH,30.9
600635.SH,27.74
600636.SH,41.15
600637.SH,60.78
600638.SH,64.87
600639.SH,79.41
600640.SH,66.86
600641.SH,53.42
600642.SH,70.76
600643.SH,52.95
600644.SH,64.73
600645.SH,28.51
600647.SH,47.01
600648.SH,72.61
600649.SH,59.34
600650.SH,56.41
600651.SH,38.96
600652.SH,20.81
600653.SH,27.3
600654.SH,8.32
600655.SH,54.97
600657.SH,65.74
600658.SH,71.07
600660.SH,57.23
600661.SH,69.39
600662.SH,45.94
600663.SH,87.96
600664.SH,57.94
600665.SH,59.87
600666.SH,10.51
600667.SH,54.49
600668.SH,18.19
600671.SH,52.2
600673.SH,59.68
600674.SH,79.94
600675.SH,54.84
600676.SH,53.61
600677.SH,23.53
600678.SH,27.84
600679.SH,68.18
600681.SH,45.79
600682.SH,52.59
600683.SH,48.42
600684.SH,35.98
600685.SH,70.3
600686.SH,62.89
600687.SH,65
600688.SH,84.96
600689.SH,34.27
600690.SH,71.81
600691.SH,33.8
600692.SH,7.52
600693.SH,56.49
600694.SH,62.94
600695.SH,41.21
600696.SH,52.98
600697.SH,45.45
600698.SH,41.42
600699.SH,58.29
600701.SH,16.43
600702.SH,46.88
600703.SH,66.44
600704.SH,68.37
600705.SH,58.83
600706.SH,53.69
600707.SH,55.86
600708.SH,62.34
600710.SH,52.88
600711.SH,18.63
600712.SH,41.81
600713.SH,46.16
600714.SH,63.67
600715.SH,51.08
600716.SH,53.26
600717.SH,61.82
600718.SH,39.45
600719.SH,38.87
600720.SH,51.82
600721.SH,33.53
600722.SH,56.04
600723.SH,62.83
600724.SH,78.72
600725.SH,46.52
600726.SH,59.15
600727.SH,43.12
600728.SH,33.18
600729.SH,66.03
600730.SH,23.91
600731.SH,41.25
600732.SH,32.73
600733.SH,60.78
600734.SH,46.13
600735.SH,49.79
600736.SH,51.42
600737.SH,64.96
600738.SH,37.33
600739.SH,48.77
600740.SH,41.07
600741.SH,81.22
600742.SH,40.85
600743.SH,70.65
600744.SH,28.56
600745.SH,55.52
600746.SH,59.93
600748.SH,70.71
600749.SH,59.41
600750.SH,47.77
600751.SH,62.06
600753.SH,40.48
600754.SH,85.81
600755.SH,41.06
600756.SH,21.72
600757.SH,65.49
600758.SH,45.52
600759.SH,46.44
600760.SH,48.27
600761.SH,54.9
600763.SH,59.15
600764.SH,73.51
600765.SH,50.32
600766.SH,3.04
600767.SH,24.34
600768.SH,39.44
600769.SH,28.12
600770.SH,30.96
600771.SH,41.66
600773.SH,49.68
600774.SH,57.37
600775.SH,48.1
600776.SH,65.43
600777.SH,30.66
600778.SH,36.21
600779.SH,81.83
600780.SH,70.78
600781.SH,50.57
600782.SH,66.71
600783.SH,69.89
600784.SH,29.77
600785.SH,80.94
600787.SH,71.41
600789.SH,29.53
600790.SH,49.24
600791.SH,46.23
600792.SH,71.59
600793.SH,55.89
600794.SH,38.06
600795.SH,64.18
600796.SH,34.39
600797.SH,24.6
600798.SH,44.89
600800.SH,30.11
600801.SH,77.02
600802.SH,40.01
600803.SH,67.95
600804.SH,28.73
600805.SH,50.1
600807.SH,34.35
600808.SH,67.07
600809.SH,87.97
600810.SH,49.59
600811.SH,50.59
600812.SH,73.42
600814.SH,70.11
600815.SH,69.85
600816.SH,68.59
600817.SH,32.52
600818.SH,54.03
600819.SH,68.91
600820.SH,55.54
600821.SH,27.11
600822.SH,60.87
600823.SH,78.84
600824.SH,40.44
600825.SH,56.34
600826.SH,59.23
600827.SH,71.25
600828.SH,69.44
600829.SH,80.65
600830.SH,40.38
600831.SH,41.04
600833.SH,51.54
600834.SH,61.29
600835.SH,73.67
600836.SH,27.23
600837.SH,41.1
600838.SH,28.66
600839.SH,34.01
600841.SH,82.79
600843.SH,50.3
600844.SH,37.86
600845.SH,83.77
600846.SH,26.55
600847.SH,33.74
600848.SH,73.15
600850.SH,49.64
600851.SH,57.98
600853.SH,33.91
600854.SH,38.33
600855.SH,13.62
600856.SH,39.09
600857.SH,29.11
600858.SH,62.21
600859.SH,61.58
600860.SH,56.75
600861.SH,35.32
600862.SH,73.4
600863.SH,66.12
600864.SH,71.03
600865.SH,41.33
600866.SH,40.3
600867.SH,56.58
600868.SH,12.17
600869.SH,63.35
600870.SH,34.26
600871.SH,88.01
600872.SH,64.67
600873.SH,12.43
600874.SH,69.03
600875.SH,60.04
600876.SH,64.25
600877.SH,22.34
600879.SH,36.35
600880.SH,41.2
600881.SH,44.06
600882.SH,33.68
600883.SH,50.24
600884.SH,63.06
600885.SH,75.32
600886.SH,74.05
600887.SH,42.86
600888.SH,38.56
600889.SH,44.72
600890.SH,39.58
600891.SH,25.36
600892.SH,19.77
600893.SH,72.66
600894.SH,63.74
600895.SH,60.06
600896.SH,56.57
600897.SH,76.13
600898.SH,33.52
600900.SH,88.74
600901.SH,64.08
600903.SH,66.84
600908.SH,37.93
600909.SH,64.56
600917.SH,89.94
600919.SH,45.87
600926.SH,67.38
600928.SH,2.85
600929.SH,31.98
600933.SH,63.96
600936.SH,52.23
600939.SH,52.09
600958.SH,58.74
600959.SH,57.12
600960.SH,35.82
600961.SH,47.68
600962.SH,49.24
600963.SH,38.4
600965.SH,48.98
600966.SH,51.88
600967.SH,50.13
600968.SH,2.24
600969.SH,42.2
600970.SH,47.67
600971.SH,66.75
600973.SH,50.03
600975.SH,47.6
600976.SH,47.86
600977.SH,78.39
600978.SH,36.59
600979.SH,60.35
600980.SH,40.2
600981.SH,48.13
600982.SH,33.01
600983.SH,39.35
600984.SH,48.8
600985.SH,66.15
600986.SH,20.54
600987.SH,65.03
600988.SH,2.89
600989.SH,2.01
600990.SH,61.18
600992.SH,29.56
600993.SH,50.25
600995.SH,33.43
600996.SH,77.66
600997.SH,60.91
600998.SH,73.04
600999.SH,77.37
601000.SH,66.1
601001.SH,63.53
601002.SH,44.3
601003.SH,78.59
601005.SH,51.78
601006.SH,84.65
601007.SH,57.49
601008.SH,50.03
601009.SH,54.56
601010.SH,39.17
601011.SH,31.15
601012.SH,30.45
601015.SH,62.52
601016.SH,66.13
601018.SH,85.94
601019.SH,35.21
601020.SH,69.67
601021.SH,80.39
601028.SH,50.22
601038.SH,71.3
601058.SH,38.07
601066.SH,54.17
601068.SH,5.67
601069.SH,68.43
601077.SH,11.69
601086.SH,0.02
601088.SH,91.56
601098.SH,85.35
601099.SH,28.87
601100.SH,89.31
601101.SH,68.35
601106.SH,65.48
601107.SH,79.87
601108.SH,31.08
601111.SH,87.08
601113.SH,56.77
601116.SH,49.53
601117.SH,75.93
601118.SH,72.56
601126.SH,55.85
601127.SH,75.96
601128.SH,45.66
601137.SH,67.67
601138.SH,38.38
601139.SH,89.32
601155.SH,74.7
601158.SH,92.09
601162.SH,40.4
601163.SH,64.01
601166.SH,54.54
601168.SH,39.95
601169.SH,50.55
601177.SH,52.44
601179.SH,79.1
601186.SH,79.93
601188.SH,70.11
601198.SH,71.89
601199.SH,64.67
601200.SH,58.49
601208.SH,31.54
601211.SH,60.54
601212.SH,51.38
601216.SH,29.58
601218.SH,0.03
601222.SH,54.04
601225.SH,83.49
601226.SH,67.58
601228.SH,54.58
601229.SH,57.31
601231.SH,85.82
601233.SH,57.81
601236.SH,12.95
601238.SH,92.19
601258.SH,37.39
601288.SH,95.16
601298.SH,6.56
601311.SH,21.41
601318.SH,39.26
601319.SH,75.16
601326.SH,65.71
601328.SH,59.28
601330.SH,29.56
601333.SH,54.56
601336.SH,78.17
601339.SH,44.6
601360.SH,7.35
601366.SH,10.69
601368.SH,66.35
601369.SH,73.08
601375.SH,53.89
601377.SH,51.02
601388.SH,46.16
601390.SH,80.26
601398.SH,96.28
601399.SH,0
601500.SH,79.13
601512.SH,0.37
601515.SH,66.07
601518.SH,64.86
601519.SH,17.79
601555.SH,50.57
601566.SH,80.31
601567.SH,45.9
601577.SH,43.62
601579.SH,72.73
601588.SH,57.73
601595.SH,76.7
601598.SH,27.2
601599.SH,4.85
601600.SH,59.53
601601.SH,76.51
601606.SH,40.43
601607.SH,65.81
601608.SH,73.39
601611.SH,78.85
601615.SH,16.35
601616.SH,22.84
601618.SH,75.35
601619.SH,39.3
601628.SH,97.96
601633.SH,92.39
601636.SH,46.04
601658.SH,118.19
601666.SH,62.13
601668.SH,77.37
601669.SH,68.75
601677.SH,17.35
601678.SH,19.29
601688.SH,57.78
601689.SH,80.29
601698.SH,7.3
601699.SH,73.74
601700.SH,0.04
601717.SH,50.66
601718.SH,71.25
601727.SH,79.51
601766.SH,79.25
601777.SH,50.13
601788.SH,70.03
601789.SH,43.49
601798.SH,67.18
601799.SH,29.88
601800.SH,90.25
601801.SH,83.32
601808.SH,91.55
601811.SH,91.01
601818.SH,74.34
601828.SH,16.7
601838.SH,51.8
601857.SH,97.34
601858.SH,33.17
601860.SH,4.78
601865.SH,23.13
601866.SH,71.18
601869.SH,30.4
601872.SH,73.59
601877.SH,69.59
601878.SH,39.3
601880.SH,73.07
601881.SH,31.46
601882.SH,82.62
601886.SH,47.4
601888.SH,80.82
601890.SH,0.05
601898.SH,89.47
601899.SH,55.13
601900.SH,75.66
601901.SH,82.7
601908.SH,46
601916.SH,15.53
601918.SH,48.99
601919.SH,77.59
601928.SH,82.63
601929.SH,50.84
601933.SH,48.75
601939.SH,45.37
601949.SH,24.63
601952.SH,9.36
601958.SH,83.31
601965.SH,75.76
601966.SH,82.82
601968.SH,63.44
601969.SH,89.23
601975.SH,1.91
601985.SH,78.79
601988.SH,96.59
601989.SH,67
601990.SH,50.27
601991.SH,85.72
601992.SH,72.35
601996.SH,53.75
601997.SH,50.51
601998.SH,96.52
601999.SH,70.53
603000.SH,65.49
603001.SH,39.37
603002.SH,41.64
603003.SH,44.8
603005.SH,56.92
603006.SH,60.32
603007.SH,52.77
603008.SH,50.13
603009.SH,2.87
603010.SH,32.45
603011.SH,25.97
603012.SH,28.26
603013.SH,4.31
603015.SH,60.74
603016.SH,20.64
603017.SH,42.54
603018.SH,8.91
603019.SH,30.7
603020.SH,12.66
603021.SH,28.66
603022.SH,3.82
603023.SH,0
603025.SH,37.79
603026.SH,40.97
603027.SH,9.42
603028.SH,56.96
603029.SH,68.31
603030.SH,9.51
603031.SH,15.87
603032.SH,29.31
603033.SH,0.21
603035.SH,12.88
603036.SH,0.17
603037.SH,38.56
603038.SH,7.92
603039.SH,31.65
603040.SH,27
603041.SH,20.1
603042.SH,11.16
603043.SH,26.14
603045.SH,13.14
603050.SH,12.05
603053.SH,0.21
603055.SH,28.08
603056.SH,50.08
603058.SH,57.68
603059.SH,6.6
603060.SH,79.81
603063.SH,8.95
603066.SH,57.99
603067.SH,5.12
603068.SH,5.81
603069.SH,71.6
603076.SH,3.05
603077.SH,51.54
603078.SH,13.49
603079.SH,17.92
603080.SH,25.36
603081.SH,0.08
603083.SH,32.39
603085.SH,56.17
603086.SH,7.11
603088.SH,45.12
603089.SH,13.56
603090.SH,5.69
603093.SH,3.1
603096.SH,67.28
603098.SH,38.38
603099.SH,72.06
603100.SH,61.94
603101.SH,7.28
603103.SH,48.39
603105.SH,19.35
603106.SH,0.59
603108.SH,28.28
603109.SH,5.28
603110.SH,7.28
603111.SH,23.93
603113.SH,28.1
603115.SH,0.02
603116.SH,47.01
603117.SH,30.45
603118.SH,4.68
603121.SH,1.11
603123.SH,65.8
603126.SH,61.7
603127.SH,20.56
603128.SH,52.18
603129.SH,51.2
603131.SH,6.4
603133.SH,22.82
603136.SH,22.62
603138.SH,4.87
603139.SH,38.43
603156.SH,2.47
603157.SH,27.73
603158.SH,53.02
603159.SH,0.15
603160.SH,38.77
603161.SH,27.11
603165.SH,4.73
603166.SH,69.69
603167.SH,49.96
603168.SH,22.87
603169.SH,69.91
603177.SH,18.22
603179.SH,39.37
603180.SH,9.79
603181.SH,19.32
603183.SH,6.7
603185.SH,0.94
603186.SH,22.7
603187.SH,10.08
603188.SH,37.07
603189.SH,8.15
603192.SH,1.36
603196.SH,1.52
603197.SH,23.69
603198.SH,83.02
603199.SH,68.83
603200.SH,21.14
603203.SH,63.27
603208.SH,37.48
603214.SH,52.11
603217.SH,0.32
603218.SH,54.55
603220.SH,19.71
603222.SH,45.46
603223.SH,14.93
603225.SH,7.66
603226.SH,0.01
603227.SH,46.81
603228.SH,47.68
603229.SH,40.24
603232.SH,21.53
603233.SH,58.52
603236.SH,17.48
603238.SH,1.61
603239.SH,0.74
603256.SH,2.04
603258.SH,0.19
603259.SH,63.12
603260.SH,41.97
603266.SH,0.44
603267.SH,1.23
603268.SH,32.19
603269.SH,9.24
603277.SH,0.84
603278.SH,28.32
603279.SH,2.6
603283.SH,15.54
603286.SH,11.53
603288.SH,66.92
603289.SH,48.81
603297.SH,47.06
603298.SH,67.42
603299.SH,57.91
603300.SH,19.48
603301.SH,6.23
603303.SH,11.99
603305.SH,10.03
603306.SH,51.27
603308.SH,49.15
603309.SH,62.69
603311.SH,57.19
603313.SH,11.52
603315.SH,65.01
603316.SH,9.51
603317.SH,24
603318.SH,62.57
603319.SH,2.48
603320.SH,13.94
603321.SH,0.7
603322.SH,7.48
603323.SH,22.38
603326.SH,15.19
603327.SH,3.35
603328.SH,74.13
603329.SH,28.73
603330.SH,10.96
603331.SH,0.25
603332.SH,0.01
603333.SH,4.6
603335.SH,24.87
603336.SH,0.65
603337.SH,52.15
603338.SH,32.59
603339.SH,0.02
603345.SH,39.27
603348.SH,6.1
603351.SH,5.43
603355.SH,70.45
603356.SH,0.04
603357.SH,0.88
603358.SH,6.87
603359.SH,36.38
603360.SH,19.07
603363.SH,25.37
603365.SH,9.46
603366.SH,64.15
603367.SH,48.63
603368.SH,25.32
603369.SH,70
603377.SH,67.5
603378.SH,45.06
603379.SH,3.08
603380.SH,2.57
603383.SH,3.38
603385.SH,58.27
603386.SH,1.12
603387.SH,19.98
603388.SH,8.73
603389.SH,71.4
603390.SH,0.29
603393.SH,0.61
603396.SH,27.31
603398.SH,66.4
603399.SH,55.34
603416.SH,5.58
603421.SH,0.06
603429.SH,6.79
603444.SH,50.59
603456.SH,51.92
603458.SH,1.6
603466.SH,5.93
603477.SH,11.83
603486.SH,61.82
603488.SH,19.02
603489.SH,40.27
603496.SH,12.52
603499.SH,2.77
603500.SH,0
603501.SH,49.36
603505.SH,28.27
603506.SH,18.1
603507.SH,58.35
603508.SH,10.74
603515.SH,55.26
603516.SH,14.65
603517.SH,62.31
603518.SH,11.59
603519.SH,20.35
603520.SH,31.44
603527.SH,9.66
603528.SH,67.91
603530.SH,0.27
603533.SH,24.5
603535.SH,27.84
603536.SH,18.82
603538.SH,17.91
603555.SH,83.48
603556.SH,71.29
603557.SH,47.24
603558.SH,16.42
603559.SH,3.44
603566.SH,10.66
603567.SH,85.25
603568.SH,57.76
603569.SH,82.04
603577.SH,5.61
603578.SH,27.73
603579.SH,28
603580.SH,9.32
603583.SH,17.69
603585.SH,11.58
603586.SH,28.38
603587.SH,51.22
603588.SH,4.66
603589.SH,18.75
603590.SH,32.48
603595.SH,23.42
603596.SH,49.57
603598.SH,14.96
603599.SH,71.28
603600.SH,51.84
603601.SH,30.1
603602.SH,7.73
603603.SH,60.66
603605.SH,29.88
603606.SH,52.25
603607.SH,0
603608.SH,51.77
603609.SH,16.62
603610.SH,4.78
603611.SH,7.68
603612.SH,24.76
603613.SH,13.52
603615.SH,0.32
603616.SH,46.81
603617.SH,6.37
603618.SH,52.18
603619.SH,45.07
603626.SH,19.54
603628.SH,18.67
603629.SH,0.01
603630.SH,7.04
603633.SH,24.33
603636.SH,15.43
603637.SH,45.24
603638.SH,16.83
603639.SH,10.7
603648.SH,50.35
603650.SH,20.41
603655.SH,8.83
603656.SH,26.74
603657.SH,1.47
603658.SH,93.11
603659.SH,35.02
603660.SH,2.04
603661.SH,1.14
603662.SH,1.02
603663.SH,72
603665.SH,33.46
603666.SH,38.02
603667.SH,12
603668.SH,10.53
603669.SH,55.09
603676.SH,0.63
603677.SH,2.55
603678.SH,16.58
603679.SH,30.94
603680.SH,67.5
603681.SH,0.61
603683.SH,10.08
603685.SH,26.56
603686.SH,12.13
603687.SH,0.03
603688.SH,39.4
603689.SH,52.2
603690.SH,26.93
603693.SH,40.01
603696.SH,19.52
603697.SH,1.05
603698.SH,77.44
603699.SH,85.25
603700.SH,1.75
603701.SH,2.5
603703.SH,2.02
603706.SH,0.15
603707.SH,66.12
603708.SH,88.46
603709.SH,0.01
603711.SH,16.75
603712.SH,46.58
603713.SH,58.44
603716.SH,58.95
603717.SH,10.32
603718.SH,48.5
603721.SH,35.77
603722.SH,12.81
603725.SH,2.88
603726.SH,0.09
603727.SH,76.05
603728.SH,42.87
603729.SH,5.24
603730.SH,17.75
603733.SH,1.19
603737.SH,18.12
603738.SH,2.96
603739.SH,0.4
603755.SH,23.39
603757.SH,4.04
603758.SH,24.64
603766.SH,58.34
603767.SH,0.01
603773.SH,24.98
603776.SH,22.58
603777.SH,66.32
603778.SH,4.17
603779.SH,7.23
603786.SH,61.56
603787.SH,0.03
603788.SH,57.81
603789.SH,36.34
603790.SH,5.18
603797.SH,1.61
603798.SH,69.53
603799.SH,63.09
603800.SH,68.5
603801.SH,21.41
603803.SH,24.43
603806.SH,72.26
603808.SH,67.73
603809.SH,0.13
603810.SH,20.49
603811.SH,9.74
603813.SH,22.84
603815.SH,0.03
603816.SH,90.95
603817.SH,24.71
603818.SH,6.04
603819.SH,20.8
603822.SH,71.84
603823.SH,4.98
603825.SH,37.73
603826.SH,24.57
603828.SH,46.64
603829.SH,45.36
603833.SH,56.07
603838.SH,4.53
603839.SH,30.77
603843.SH,10.32
603848.SH,11.92
603855.SH,6.39
603856.SH,16.19
603858.SH,62.04
603859.SH,14
603860.SH,0.08
603861.SH,8.96
603863.SH,0.01
603866.SH,8.31
603867.SH,0.78
603868.SH,84.93
603869.SH,54.97
603871.SH,10.05
603876.SH,61.05
603877.SH,54.27
603878.SH,17.53
603879.SH,9.18
603880.SH,18.66
603881.SH,45.56
603882.SH,70.79
603883.SH,77.51
603885.SH,80.5
603886.SH,71.66
603887.SH,8.85
603888.SH,70.36
603889.SH,35.35
603890.SH,17.8
603895.SH,0
603896.SH,3.58
603897.SH,5.88
603898.SH,10.78
603899.SH,80.54
603900.SH,15.82
603901.SH,27.71
603903.SH,23.96
603906.SH,22.85
603908.SH,10.38
603909.SH,0.04
603912.SH,52.01
603915.SH,0.02
603916.SH,8.55
603917.SH,6.61
603918.SH,11.74
603919.SH,76.89
603920.SH,9.89
603922.SH,0.02
603926.SH,0.8
603927.SH,1.36
603928.SH,1.8
603929.SH,70.21
603933.SH,0.06
603936.SH,4.41
603937.SH,6.99
603938.SH,3.01
603939.SH,73.84
603955.SH,47.08
603956.SH,0.05
603958.SH,74.13
603959.SH,67.02
603960.SH,44.92
603963.SH,54.89
603966.SH,2.57
603967.SH,0.01
603968.SH,18.87
603969.SH,2.64
603970.SH,47.34
603976.SH,3.5
603977.SH,69.57
603978.SH,15.43
603979.SH,58.12
603980.SH,11.16
603982.SH,0.72
603983.SH,27.45
603985.SH,29.09
603986.SH,55.48
603987.SH,56.32
603988.SH,26.48
603989.SH,58.43
603990.SH,23.7
603991.SH,30.13
603992.SH,0.02
603993.SH,82.05
603995.SH,0.58
603996.SH,51.77
603997.SH,80.64
603998.SH,3.46
603999.SH,64.25
688001.SH,6.5
688002.SH,10.29
688003.SH,4.73
688005.SH,11.62
688006.SH,12.88
688007.SH,11.59
688008.SH,40.33
688009.SH,9.08
688010.SH,4.36
688011.SH,5.21
688012.SH,30.56
688015.SH,7.88
688016.SH,37.45
688018.SH,29.88
688019.SH,12.01
688020.SH,22.12
688021.SH,27.58
688022.SH,6.17
688023.SH,65.63
688025.SH,4.69
688028.SH,4.48
688029.SH,47.58
688030.SH,14.45
688033.SH,5.14
688036.SH,28.1
688037.SH,32.62
688039.SH,41.6
688058.SH,31.73
688066.SH,4.52
688068.SH,3.54
688078.SH,7.95
688081.SH,33.25
688088.SH,13.97
688089.SH,14.43
688098.SH,4.14
688099.SH,6.51
688101.SH,3.9
688106.SH,0
688108.SH,4.56
688111.SH,57.19
688116.SH,22.64
688118.SH,8.53
688122.SH,5.91
688123.SH,23.66
688128.SH,4.13
688138.SH,6.26
688139.SH,15.42
688166.SH,61.74
688168.SH,5.71
688180.SH,0
688181.SH,34.65
688188.SH,37.73
688196.SH,5.51
688198.SH,26
688199.SH,3.45
688202.SH,5.21
688218.SH,6.45
688258.SH,37.3
688268.SH,7.55
688288.SH,7.98
688299.SH,6.44
688300.SH,35.63
688310.SH,5.94
688321.SH,18.02
688333.SH,4.8
688339.SH,0
688357.SH,9.34
688358.SH,23.03
688363.SH,48.58
688366.SH,36.28
688368.SH,44.78
688369.SH,6.92
688388.SH,26.47
688389.SH,16.47
688399.SH,5.33
688556.SH,0
